-- MySQL Script generated by MySQL Workbench
-- 11/10/16 10:52:03
-- Model: New Model    Version: 1.0
-- MySQL Workbench Forward Engineering

SET @OLD_UNIQUE_CHECKS=@@UNIQUE_CHECKS, UNIQUE_CHECKS=0;
SET @OLD_FOREIGN_KEY_CHECKS=@@FOREIGN_KEY_CHECKS, FOREIGN_KEY_CHECKS=0;
SET @OLD_SQL_MODE=@@SQL_MODE, SQL_MODE='TRADITIONAL,ALLOW_INVALID_DATES';

-- -----------------------------------------------------
-- Schema social_fitness
-- -----------------------------------------------------
DROP SCHEMA IF EXISTS `social_fitness` ;

-- -----------------------------------------------------
-- Schema social_fitness
-- -----------------------------------------------------
CREATE SCHEMA IF NOT EXISTS `social_fitness` DEFAULT CHARACTER SET utf8 ;
CREATE USER 'sf_user'@'localhost' IDENTIFIED BY 'sf_pass';
GRANT USAGE, SELECT, INSERT, UPDATE, DELETE, CREATE, DROP, INDEX, ALTER ON `social_fitness`.* TO 'sf_user'@'localhost';
USE `social_fitness` ;
-- -----------------------------------------------------
-- Table `social_fitness`.`usuario`
-- -----------------------------------------------------
DROP TABLE IF EXISTS `social_fitness`.`usuario` ;

CREATE TABLE IF NOT EXISTS `social_fitness`.`usuario` (
  `id_usuario` INT(5) NOT NULL AUTO_INCREMENT,
  `tipo` VARCHAR(10) NOT NULL,
  `email` VARCHAR(45) NOT NULL,
  `nombre_usuario` VARCHAR(45) NOT NULL,
  `telefono` INT(9) NOT NULL,
  `contrasena` VARCHAR(45) NOT NULL,
  PRIMARY KEY (`id_usuario`),
  UNIQUE INDEX `email_UNIQUE` (`email` ASC))
ENGINE = InnoDB;


-- -----------------------------------------------------
-- Table `social_fitness`.`actividad`
-- -----------------------------------------------------
DROP TABLE IF EXISTS `social_fitness`.`actividad` ;

CREATE TABLE IF NOT EXISTS `social_fitness`.`actividad` (
  `id_actividad` INT(5) NOT NULL AUTO_INCREMENT,
  `nombre` VARCHAR(30) NOT NULL,
  `descripcion` VARCHAR(200) NOT NULL,
  `entrenador` INT(5) NULL,
  PRIMARY KEY (`id_actividad`),
  INDEX `fk_actividad_usuario_idx` (`entrenador` ASC),
  CONSTRAINT `fk_actividad_usuario1`
    FOREIGN KEY (`entrenador`)
    REFERENCES `social_fitness`.`usuario` (`id_usuario`)
    ON DELETE SET NULL
    ON UPDATE CASCADE)
ENGINE = InnoDB;

-- -----------------------------------------------------
-- Table `social_fitness`.`reserva`
-- -----------------------------------------------------
DROP TABLE IF EXISTS `social_fitness`.`reserva` ;

CREATE TABLE IF NOT EXISTS `social_fitness`.`reserva` (
  `id_reserva` INT(5) NOT NULL AUTO_INCREMENT,
  `horario` VARCHAR(45) NOT NULL,
  `num_plazas` INT(3) NOT NULL,
  `actividad` INT(5) NULL,
  PRIMARY KEY (`id_reserva`),
  INDEX `fk_reserva_actividad_idx` (`actividad` ASC),
  CONSTRAINT `fk_reserva_actividad1`
    FOREIGN KEY (`actividad`)
    REFERENCES `social_fitness`.`actividad` (`id_actividad`)
    ON DELETE SET NULL
    ON UPDATE CASCADE)
ENGINE = InnoDB;


-- -----------------------------------------------------
-- Table `social_fitness`.`maquina`
-- -----------------------------------------------------
DROP TABLE IF EXISTS `social_fitness`.`maquina` ;

CREATE TABLE IF NOT EXISTS `social_fitness`.`maquina` (
  `id_maquina` INT(5) NOT NULL AUTO_INCREMENT,
  `ubicacion` VARCHAR(45) NOT NULL,
  `nombre_maquina` VARCHAR(45) NOT NULL,
  PRIMARY KEY (`id_maquina`))
ENGINE = InnoDB;


-- -----------------------------------------------------
-- Table `social_fitness`.`ejercicio`
-- -----------------------------------------------------
DROP TABLE IF EXISTS `social_fitness`.`ejercicio` ;

CREATE TABLE IF NOT EXISTS `social_fitness`.`ejercicio` (
  `id_ejercicio` INT(5) NOT NULL AUTO_INCREMENT,
  `nombre_ejercicio` VARCHAR(45) NOT NULL,
  `tipo_ejercicio` VARCHAR(45) NOT NULL,
  `detalles_ejercicio` VARCHAR(200) NOT NULL,
  `dificultad_ejercicio` VARCHAR(10) NOT NULL,
  `id_maquina` INT(5) NULL,
  PRIMARY KEY (`id_ejercicio`),
  INDEX `fk_ejercicio_maquina1_idx` (`id_maquina` ASC),
  CONSTRAINT `fk_ejercicio_maquina1`
    FOREIGN KEY (`id_maquina`)
    REFERENCES `social_fitness`.`maquina` (`id_maquina`)
    ON DELETE SET NULL
    ON UPDATE CASCADE)
ENGINE = InnoDB;


-- -----------------------------------------------------
-- Table `social_fitness`.`tabla_ejercicios`
-- -----------------------------------------------------
DROP TABLE IF EXISTS `social_fitness`.`tabla_ejercicios` ;

CREATE TABLE IF NOT EXISTS `social_fitness`.`tabla_ejercicios` (
  `id_tabla_ejercicios` INT(5) NOT NULL AUTO_INCREMENT,
  `nombre` VARCHAR(30) NOT NULL,
  `num_ejercicios` INT(3) NOT NULL,
  `tipo` VARCHAR(45) NOT NULL,
  `dificultad` VARCHAR(10) NOT NULL,
  PRIMARY KEY (`id_tabla_ejercicios`))
ENGINE = InnoDB
COMMENT = '	';


-- -----------------------------------------------------
-- Table `social_fitness`.`sesion`
-- -----------------------------------------------------
DROP TABLE IF EXISTS `social_fitness`.`sesion` ;

CREATE TABLE IF NOT EXISTS `social_fitness`.`sesion` (
  `id_sesion` INT(5) NOT NULL AUTO_INCREMENT,
  `nombre_sesion` VARCHAR(20) NOT NULL,
  `descripcion_sesion` VARCHAR(200) NOT NULL,
  `hora_sesion` VARCHAR(20) NOT NULL,
  `fecha_sesion` VARCHAR(20) NOT NULL,
  `id_usuario` INT(5) NOT NULL,
  PRIMARY KEY (`id_sesion`),
  INDEX `fk_sesion_usuario1_idx` (`id_usuario` ASC),
  CONSTRAINT `fk_sesion_usuario1`
    FOREIGN KEY (`id_usuario`)
    REFERENCES `social_fitness`.`usuario` (`id_usuario`)
    ON DELETE CASCADE
    ON UPDATE CASCADE)
ENGINE = InnoDB;


-- -----------------------------------------------------
-- Table `social_fitness`.`ejercicio_tabla_ejercicios`
-- -----------------------------------------------------
DROP TABLE IF EXISTS `social_fitness`.`ejercicio_tabla_ejercicios` ;

CREATE TABLE IF NOT EXISTS `social_fitness`.`ejercicio_tabla_ejercicios` (
  `id_tabla_ejercicios` INT(5) NOT NULL,
  `id_ejercicio` INT(5) NOT NULL,
  PRIMARY KEY (`id_tabla_ejercicios`, `id_ejercicio`),
  INDEX `fk_tabla_ejercicios_has_ejercicio_ejercicio1_idx` (`id_ejercicio` ASC),
  INDEX `fk_tabla_ejercicios_has_ejercicio_tabla_ejercicios1_idx` (`id_tabla_ejercicios` ASC),
  CONSTRAINT `fk_tabla_ejercicios_has_ejercicio_tabla_ejercicios1`
    FOREIGN KEY (`id_tabla_ejercicios`)
    REFERENCES `social_fitness`.`tabla_ejercicios` (`id_tabla_ejercicios`)
    ON DELETE CASCADE
    ON UPDATE CASCADE,
  CONSTRAINT `fk_tabla_ejercicios_has_ejercicio_ejercicio1`
    FOREIGN KEY (`id_ejercicio`)
    REFERENCES `social_fitness`.`ejercicio` (`id_ejercicio`)
    ON DELETE CASCADE
    ON UPDATE CASCADE)
ENGINE = InnoDB;


-- -----------------------------------------------------
-- Table `social_fitness`.`sesion_tabla_ejercicios`
-- -----------------------------------------------------
DROP TABLE IF EXISTS `social_fitness`.`sesion_tabla_ejercicios` ;

CREATE TABLE IF NOT EXISTS `social_fitness`.`sesion_tabla_ejercicios` (
  `id_tabla_ejercicios` INT(5) NOT NULL,
  `id_sesion` INT(5) NOT NULL,
  PRIMARY KEY (`id_tabla_ejercicios`, `id_sesion`),
  INDEX `fk_tabla_ejercicios_has_sesion_sesion1_idx` (`id_sesion` ASC),
  INDEX `fk_tabla_ejercicios_has_sesion_tabla_ejercicios1_idx` (`id_tabla_ejercicios` ASC),
  CONSTRAINT `fk_tabla_ejercicios_has_sesion_tabla_ejercicios1`
    FOREIGN KEY (`id_tabla_ejercicios`)
    REFERENCES `social_fitness`.`tabla_ejercicios` (`id_tabla_ejercicios`)
    ON DELETE CASCADE
    ON UPDATE CASCADE,
  CONSTRAINT `fk_tabla_ejercicios_has_sesion_sesion1`
    FOREIGN KEY (`id_sesion`)
    REFERENCES `social_fitness`.`sesion` (`id_sesion`)
    ON DELETE CASCADE
    ON UPDATE CASCADE)
ENGINE = InnoDB;


-- -----------------------------------------------------
-- Table `social_fitness`.`tabla_ejercicios_usuario`
-- -----------------------------------------------------
DROP TABLE IF EXISTS `social_fitness`.`tabla_ejercicios_usuario` ;

CREATE TABLE IF NOT EXISTS `social_fitness`.`tabla_ejercicios_usuario` (
  `id_tabla_ejercicios` INT(5) NOT NULL,
  `id_usuario` INT(5) NOT NULL,
  PRIMARY KEY (`id_tabla_ejercicios`, `id_usuario`),
  INDEX `fk_tabla_ejercicios_has_usuario_usuario1_idx` (`id_usuario` ASC),
  INDEX `fk_tabla_ejercicios_has_usuario_tabla_ejercicios1_idx` (`id_tabla_ejercicios` ASC),
  CONSTRAINT `fk_tabla_ejercicios_has_usuario_tabla_ejercicios1`
    FOREIGN KEY (`id_tabla_ejercicios`)
    REFERENCES `social_fitness`.`tabla_ejercicios` (`id_tabla_ejercicios`)
    ON DELETE CASCADE
    ON UPDATE CASCADE,
  CONSTRAINT `fk_tabla_ejercicios_has_usuario_usuario1`
    FOREIGN KEY (`id_usuario`)
    REFERENCES `social_fitness`.`usuario` (`id_usuario`)
    ON DELETE CASCADE
    ON UPDATE CASCADE)
ENGINE = InnoDB;


-- -----------------------------------------------------
-- Table `social_fitness`.`reserva_usuario`
-- -----------------------------------------------------
DROP TABLE IF EXISTS `social_fitness`.`reserva_usuario` ;

CREATE TABLE IF NOT EXISTS `social_fitness`.`reserva_usuario` (
  `id_usuario` INT(5) NOT NULL,
  `id_reserva` INT(5) NOT NULL,
  PRIMARY KEY (`id_usuario`, `id_reserva`),
  INDEX `fk_usuario_has_reserva_reserva1_idx` (`id_reserva` ASC),
  INDEX `fk_usuario_has_reserva_usuario1_idx` (`id_usuario` ASC),
  CONSTRAINT `fk_usuario_has_reserva_usuario1`
    FOREIGN KEY (`id_usuario`)
    REFERENCES `social_fitness`.`usuario` (`id_usuario`)
    ON DELETE CASCADE
    ON UPDATE CASCADE,
  CONSTRAINT `fk_usuario_has_reserva_reserva1`
    FOREIGN KEY (`id_reserva`)
    REFERENCES `social_fitness`.`reserva` (`id_reserva`)
    ON DELETE CASCADE
    ON UPDATE CASCADE)
ENGINE = InnoDB;


-- -----------------------------------------------------
-- Table `social_fitness`.`actividad_maquina`
-- -----------------------------------------------------
DROP TABLE IF EXISTS `social_fitness`.`actividad_maquina` ;

CREATE TABLE IF NOT EXISTS `social_fitness`.`actividad_maquina` (
  `id_maquina` INT(5) NOT NULL,
  `id_actividad` INT(5) NOT NULL,
  PRIMARY KEY (`id_maquina`, `id_actividad`),
  INDEX `fk_maquina_has_actividad_actividad1_idx` (`id_actividad` ASC),
  INDEX `fk_maquina_has_actividad_maquina1_idx` (`id_maquina` ASC),
  CONSTRAINT `fk_maquina_has_actividad_maquina1`
    FOREIGN KEY (`id_maquina`)
    REFERENCES `social_fitness`.`maquina` (`id_maquina`)
    ON DELETE CASCADE
    ON UPDATE CASCADE,
  CONSTRAINT `fk_maquina_has_actividad_actividad1`
    FOREIGN KEY (`id_actividad`)
    REFERENCES `social_fitness`.`actividad` (`id_actividad`)
    ON DELETE CASCADE
    ON UPDATE CASCADE)
ENGINE = InnoDB;


-- -----------------------------------------------------
-- Table `social_fitness`.`ejercicio_usuario`
-- -----------------------------------------------------
DROP TABLE IF EXISTS `social_fitness`.`ejercicio_usuario` ;

CREATE TABLE IF NOT EXISTS `social_fitness`.`ejercicio_usuario` (
  `id_usuario` INT(5) NOT NULL,
  `id_ejercicio` INT(5) NOT NULL,
  PRIMARY KEY (`id_usuario`, `id_ejercicio`),
  INDEX `fk_usuario_has_ejercicio_ejercicio1_idx` (`id_ejercicio` ASC),
  INDEX `fk_usuario_has_ejercicio_usuario1_idx` (`id_usuario` ASC),
  CONSTRAINT `fk_usuario_has_ejercicio_usuario1`
    FOREIGN KEY (`id_usuario`)
    REFERENCES `social_fitness`.`usuario` (`id_usuario`)
    ON DELETE CASCADE
    ON UPDATE CASCADE,
  CONSTRAINT `fk_usuario_has_ejercicio_ejercicio1`
    FOREIGN KEY (`id_ejercicio`)
    REFERENCES `social_fitness`.`ejercicio` (`id_ejercicio`)
    ON DELETE CASCADE
    ON UPDATE CASCADE)
ENGINE = InnoDB;


-- -----------------------------------------------------
-- Table `social_fitness`.`ejercicio_sesion`
-- -----------------------------------------------------
DROP TABLE IF EXISTS `social_fitness`.`ejercicio_sesion` ;

CREATE TABLE IF NOT EXISTS `social_fitness`.`ejercicio_sesion` (
  `id_ejercicio` INT(5) NOT NULL,
  `id_sesion` INT(5) NOT NULL,
  PRIMARY KEY (`id_ejercicio`, `id_sesion`),
  INDEX `fk_ejercicio_has_sesion_sesion1_idx` (`id_sesion` ASC),
  INDEX `fk_ejercicio_has_sesion_ejercicio1_idx` (`id_ejercicio` ASC),
  CONSTRAINT `fk_ejercicio_has_sesion_ejercicio1`
    FOREIGN KEY (`id_ejercicio`)
    REFERENCES `social_fitness`.`ejercicio` (`id_ejercicio`)
    ON DELETE CASCADE
    ON UPDATE CASCADE,
  CONSTRAINT `fk_ejercicio_has_sesion_sesion1`
    FOREIGN KEY (`id_sesion`)
    REFERENCES `social_fitness`.`sesion` (`id_sesion`)
    ON DELETE CASCADE
    ON UPDATE CASCADE)
ENGINE = InnoDB;

/* Then insert some users for testing: */
INSERT INTO usuario (id_usuario, tipo, email, nombre_usuario, telefono, contrasena)
    VALUES (1, 'admin', 'admin@admin.com', 'Esteban', '635248965','21232f297a57a5a743894a0e4a801fc3');
INSERT INTO usuario (id_usuario, tipo, email, nombre_usuario, telefono, contrasena)
    VALUES (2, 'coach', 'coach@coach.com', 'Samuel', '664895232','21232f297a57a5a743894a0e4a801fc3');
INSERT INTO usuario (id_usuario, tipo, email, nombre_usuario, telefono, contrasena)
    VALUES (3, 'athlete', 'athlete@athlete.com', 'Iago', '636549812','21232f297a57a5a743894a0e4a801fc3');
INSERT INTO usuario (id_usuario, tipo, email, nombre_usuario, telefono, contrasena)
    VALUES (4, 'athlete', 'prueba@prueba.com', 'Usuario de prueba', '666666666','21232f297a57a5a743894a0e4a801fc3');

/* Then insert some activites for testing: */
INSERT INTO actividad (id_actividad, nombre, descripcion, entrenador)
    VALUES (1, 'Spinning','Dar pedales',2);
INSERT INTO actividad (id_actividad, nombre, descripcion, entrenador)
    VALUES (2, 'Aerobic','Dar saltos',2);
INSERT INTO actividad (id_actividad, nombre, descripcion, entrenador)
    VALUES (3, 'Escalada','Ir subiendo',2);
INSERT INTO actividad (id_actividad, nombre, descripcion, entrenador)
    VALUES (4, 'Entrenamiento total','Ponerse tocho',2);
INSERT INTO actividad (id_actividad, nombre, descripcion, entrenador)
    VALUES (5, 'Zumba','Bailar un poco',2);
INSERT INTO actividad (id_actividad, nombre, descripcion, entrenador)
    VALUES (6, 'Kick boxing','Lanzar golpes',2);

/* Then insert some reservations for testing: */
INSERT INTO reserva (id_reserva, horario, num_plazas, actividad)
    VALUES (1, '7/2/2017 9:00',20,1);
INSERT INTO reserva (id_reserva, horario, num_plazas, actividad)
    VALUES (7, '14/2/2017 9:00',20,1);
INSERT INTO reserva (id_reserva, horario, num_plazas, actividad)
    VALUES (8, '21/2/2017 9:00',20,1);
INSERT INTO reserva (id_reserva, horario, num_plazas, actividad)
    VALUES (9, '1/3/2017 11:00',15,2);
INSERT INTO reserva (id_reserva, horario, num_plazas, actividad)
    VALUES (10, '8/3/2017 11:00',15,2);
INSERT INTO reserva (id_reserva, horario, num_plazas, actividad)
    VALUES (11, '15/3/2017',15,2);
INSERT INTO reserva (id_reserva, horario, num_plazas, actividad)
    VALUES (2, 'Lunes 11:00',15,2);
INSERT INTO reserva (id_reserva, horario, num_plazas, actividad)
    VALUES (3, 'Martes 14:00',10,3);
INSERT INTO reserva (id_reserva, horario, num_plazas, actividad)
    VALUES (4, 'Martes 17:30',15,4);
INSERT INTO reserva (id_reserva, horario, num_plazas, actividad)
    VALUES (5, 'Miércoles 9:00',10,5);
INSERT INTO reserva (id_reserva, horario, num_plazas, actividad)
    VALUES (6, 'Jueves 14:00',5,6);

/* Then insert some machines for testing: */
INSERT INTO maquina (id_maquina, ubicacion, nombre_maquina)
    VALUES (1, 'Local 1', 'Cinta de Correr C300');
INSERT INTO maquina (id_maquina, ubicacion, nombre_maquina)
    VALUES (2, 'Local 2', 'Elíptica E1 GO');
INSERT INTO maquina (id_maquina, ubicacion, nombre_maquina)
    VALUES (3, 'Área Abiera 1', 'Esfera');
INSERT INTO maquina (id_maquina, ubicacion, nombre_maquina)
    VALUES (4, 'Área abierta 2', 'Mancuerna rusa');
INSERT INTO maquina (id_maquina, ubicacion, nombre_maquina)
    VALUES (5, 'Gimnasio', 'Doble Polea DAP CF820');
INSERT INTO maquina (id_maquina, ubicacion, nombre_maquina)
    VALUES (6, 'Gimnasio', 'Bodymax Multipower/Rack');

/* Then insert some exercises for testing: */
INSERT INTO ejercicio (id_ejercicio, nombre_ejercicio, tipo_ejercicio, detalles_ejercicio, dificultad_ejercicio, id_maquina)
    VALUES (1, 'Spinning', 'endurance', 'Subir en la máquina y pedalear', 'easy', 2);
INSERT INTO ejercicio (id_ejercicio, nombre_ejercicio, tipo_ejercicio, detalles_ejercicio, dificultad_ejercicio, id_maquina)
    VALUES (2, 'Running', 'endurance', 'Subir en la máquina y correr', 'easy', 1);
INSERT INTO ejercicio (id_ejercicio, nombre_ejercicio, tipo_ejercicio, detalles_ejercicio, dificultad_ejercicio, id_maquina)
    VALUES (3, 'Polea abierta', 'strength', 'Agarrar las poleas y luego abrir y cerrar', 'hard', 5);
INSERT INTO ejercicio (id_ejercicio, nombre_ejercicio, tipo_ejercicio, detalles_ejercicio, dificultad_ejercicio, id_maquina)
    VALUES (4, 'Pesas', 'strength', 'Subir y bajar', 'medium', 6);
INSERT INTO ejercicio (id_ejercicio, nombre_ejercicio, tipo_ejercicio, detalles_ejercicio, dificultad_ejercicio, id_maquina)
    VALUES (5, 'Gimnasia', 'flexibility', 'Sentarse sobre la esfera y estirar', 'hard', 3);
INSERT INTO ejercicio (id_ejercicio, nombre_ejercicio, tipo_ejercicio, detalles_ejercicio, dificultad_ejercicio)
    VALUES (6, 'Respiración', 'endurance', 'Respirar normalmente', 'easy');

/* Then insert some exercise tables for testing: */
INSERT INTO tabla_ejercicios (id_tabla_ejercicios, nombre, num_ejercicios, tipo, dificultad)
    VALUES (1, 'Tabla de fuerza',2, 'strenght', 'hard');
INSERT INTO tabla_ejercicios (id_tabla_ejercicios, nombre, num_ejercicios, tipo, dificultad)
    VALUES (2, 'Tabla de flexibilidad',1, 'flexibility', 'medium');
INSERT INTO tabla_ejercicios (id_tabla_ejercicios, nombre, num_ejercicios, tipo, dificultad)
    VALUES (3, 'Tabla de resistencia',3, 'endurance', 'easy');

/* Then insert some machines for testing: */
INSERT INTO sesion (id_sesion, nombre_sesion, descripcion_sesion, hora_sesion, fecha_sesion, id_usuario)
    VALUES (1, 'Musculación', 'Hoy levanté 200Kg en horizontal','9:00', '19/10/2016',1);
INSERT INTO sesion (id_sesion, nombre_sesion, descripcion_sesion, hora_sesion, fecha_sesion, id_usuario)
    VALUES (2, 'Respiración', 'Hoy respiré tanto que perdí la cuenta','12:00', '22/10/2016',1);
INSERT INTO sesion (id_sesion, nombre_sesion, descripcion_sesion, hora_sesion, fecha_sesion, id_usuario)
    VALUES (3, 'Running', 'Hoy corrí 27 Kms','14:00', '1/10/2016',2);
INSERT INTO sesion (id_sesion, nombre_sesion, descripcion_sesion, hora_sesion, fecha_sesion, id_usuario)
    VALUES (4, 'Equilibrio', 'Hoy casi caigo','9:00', '11/11/2016',4);
INSERT INTO sesion (id_sesion, nombre_sesion, descripcion_sesion, hora_sesion, fecha_sesion, id_usuario)
    VALUES (5, 'Gimnasia', 'Hoy salté mucho','11:00', '19/11/2016',3);
INSERT INTO sesion (id_sesion, nombre_sesion, descripcion_sesion, hora_sesion, fecha_sesion, id_usuario)
    VALUES (6, 'Musculación', 'Hoy tocaba pecho y espalda, pero me dolía el pie','17:00', '1/11/2016',3);

/* Then insert some relations exercises_tables for testing: */
INSERT INTO ejercicio_tabla_ejercicios (id_tabla_ejercicios, id_ejercicio)
    VALUES (1,3);
INSERT INTO ejercicio_tabla_ejercicios (id_tabla_ejercicios, id_ejercicio)
    VALUES (1,4);
INSERT INTO ejercicio_tabla_ejercicios (id_tabla_ejercicios, id_ejercicio)
    VALUES (2,5);
INSERT INTO ejercicio_tabla_ejercicios (id_tabla_ejercicios, id_ejercicio)
    VALUES (3,1);
INSERT INTO ejercicio_tabla_ejercicios (id_tabla_ejercicios, id_ejercicio)
    VALUES (3,2);
INSERT INTO ejercicio_tabla_ejercicios (id_tabla_ejercicios, id_ejercicio)
    VALUES (3,6);

/* Then insert some relations users_tables for testing: */
INSERT INTO tabla_ejercicios_usuario (id_tabla_ejercicios, id_usuario)
    VALUES (1,1);
INSERT INTO tabla_ejercicios_usuario (id_tabla_ejercicios, id_usuario)
    VALUES (3,1);
INSERT INTO tabla_ejercicios_usuario (id_tabla_ejercicios, id_usuario)
    VALUES (3,2);
INSERT INTO tabla_ejercicios_usuario (id_tabla_ejercicios, id_usuario)
    VALUES (2,4);
INSERT INTO tabla_ejercicios_usuario (id_tabla_ejercicios, id_usuario)
    VALUES (1,4);
INSERT INTO tabla_ejercicios_usuario (id_tabla_ejercicios, id_usuario)
    VALUES (3,3);

/* Then insert some relations users_reservations for testing: */
INSERT INTO reserva_usuario (id_usuario, id_reserva)
    VALUES (1,3);
INSERT INTO reserva_usuario (id_usuario, id_reserva)
    VALUES (1,6);
INSERT INTO reserva_usuario (id_usuario, id_reserva)
    VALUES (2,2);
INSERT INTO reserva_usuario (id_usuario, id_reserva)
    VALUES (2,5);
INSERT INTO reserva_usuario (id_usuario, id_reserva)
    VALUES (3,1);
INSERT INTO reserva_usuario (id_usuario, id_reserva)
    VALUES (3,4);

/* Then insert some relations machines_activities for testing: */
INSERT INTO actividad_maquina (id_maquina, id_actividad)
    VALUES (1,1);
INSERT INTO actividad_maquina (id_maquina, id_actividad)
    VALUES (2,2);
INSERT INTO actividad_maquina (id_maquina, id_actividad)
    VALUES (3,4);
INSERT INTO actividad_maquina (id_maquina, id_actividad)
    VALUES (4,6);

/* Then insert some relations users_exercises for testing: */
INSERT INTO ejercicio_usuario (id_usuario, id_ejercicio)
    VALUES (1,3);
INSERT INTO ejercicio_usuario (id_usuario, id_ejercicio)
    VALUES (1,6);
INSERT INTO ejercicio_usuario (id_usuario, id_ejercicio)
    VALUES (2,2);
INSERT INTO ejercicio_usuario (id_usuario, id_ejercicio)
    VALUES (2,5);
INSERT INTO ejercicio_usuario (id_usuario, id_ejercicio)
    VALUES (3,1);
INSERT INTO ejercicio_usuario (id_usuario, id_ejercicio)
    VALUES (4,4);

/* Then insert some relations exercises_sessions for testing: */
INSERT INTO ejercicio_sesion (id_ejercicio, id_sesion)
    VALUES (1,3);
INSERT INTO ejercicio_sesion (id_ejercicio, id_sesion)
    VALUES (1,6);
INSERT INTO ejercicio_sesion (id_ejercicio, id_sesion)
    VALUES (2,2);
INSERT INTO ejercicio_sesion (id_ejercicio, id_sesion)
    VALUES (2,5);
INSERT INTO ejercicio_sesion (id_ejercicio, id_sesion)
    VALUES (3,1);
INSERT INTO ejercicio_sesion (id_ejercicio, id_sesion)
    VALUES (4,4);


SET SQL_MODE=@OLD_SQL_MODE;
SET FOREIGN_KEY_CHECKS=@OLD_FOREIGN_KEY_CHECKS;
SET UNIQUE_CHECKS=@OLD_UNIQUE_CHECKS;
